<?xml version="1.0" encoding="UTF-8"?>
<office:document-meta xmlns:office="urn:oasis:names:tc:opendocument:xmlns:office:1.0" xmlns:xlink="http://www.w3.org/1999/xlink" xmlns:dc="http://purl.org/dc/elements/1.1/" xmlns:meta="urn:oasis:names:tc:opendocument:xmlns:meta:1.0" xmlns:ooo="http://openoffice.org/2004/office" xmlns:grddl="http://www.w3.org/2003/g/data-view#" office:version="1.2"><office:meta><meta:initial-creator>Jesús </meta:initial-creator><meta:creation-date>2015-09-22T12:27:00.291697240</meta:creation-date><dc:date>2015-09-22T16:14:04.583892531</dc:date><dc:creator>Jesús </dc:creator><meta:editing-duration>PT1H59M3S</meta:editing-duration><meta:editing-cycles>51</meta:editing-cycles><meta:generator>LibreOffice/6.1.1.2$Windows_X86_64 LibreOffice_project/5d19a1bfa650b796764388cd8b33a5af1f5baa1b</meta:generator><meta:document-statistic meta:table-count="3" meta:image-count="0" meta:object-count="0" meta:page-count="10" meta:paragraph-count="207" meta:word-count="2979" meta:character-count="19399" meta:non-whitespace-character-count="16499"/></office:meta></office:document-meta>